Date received,Product,Sub-product,Issue,Sub-issue,Consumer complaint narrative,Company public response,Company,State,ZIP code,Tags,Consumer consent provided?,Submitted via,Date sent to company,Company response to consumer,Timely response?,Consumer disputed?,Complaint ID
2017-08-17,"Credit reporting, credit repair services, or other personal consumer reports",Credit reporting,Incorrect information on your report,Public record information inaccurate,this loan was discharged in my chapter XXXX bankruptcy as of XXXX 2015 XXXX and XXXX XXXX refuse to delete the misinformation or report it as discharged!,,"Net Pay Advance, Inc.",CA,92646,Servicemember,Consent provided,Web,2017-08-17,Closed with non-monetary relief,Yes,,2643643
2017-10-31,Mortgage,Conventional home mortgage,Trouble during payment process,,,,"Capital Markets Cooporative, LLC",,XXXXX,,Consent not provided,Web,2017-10-31,Closed with explanation,Yes,,2717094
2017-10-06,"Credit reporting, credit repair services, or other personal consumer reports",Credit reporting,Incorrect information on your report,Information belongs to someone else,"Over the past year on a monthly basis, I have been contacting Equifax in reference to fraudulent accounts opened and requesting deletions and investigations from my credit file. Equifax still to this day still has an incorrect date for my birthdate as well even after several attempts I have sent to have this corrected. Equifax has responded to my complaints stating they have verified these accounts were mine. I have decided to contact the creditors directly as Equifax is choosing to defame my credit file with incorrect information. I contacted XXXX XXXX on XXXX/XXXX/XXXX in reference to a collection account that was not mine. Below is the response from XXXX XXXX : Company responded Status Company responded on XXXXResponse TypeClosed with explanation Company 's Response We are in receipt of the consumer, XXXX XXXX 's, second complaint. This shall serve as XXXX XXXX XXXX XXXX XXXX XXXX 's ( "" XXXX '' ) response to same. As stated in our response for case # XXXX, XXXX  deleted the tradelines for the account in question in XXXX. XXXX  reports the same information at the same time to all three of the national credit reporting agencies ( "" CRA '' ), TransUnion, XXXX, & Equifax. As the consumer stated, XXXX and XXXX have deleted the tradelines. XXXX utilizes XXXX reporting requirements as agreed upon by all of the CRAs. Once XXXX has notified the CRAs to delete the tradeline, it is up to them to delete it from the consumer 's credit reports. However, XXXX will submit a second "" XXXX '' XXXX XXXX XXXX XXXX ) to the CRAs in an attempt to expedite the removal from the Equifax tradeline. 


Per the above response Equifax was instructed in XXXX to delete the XXXX XXXX collection from my credit file. However, Equiafx has reported on every dispute that this debt was verified. This is a blatant disregard for my credit file and is actively reporting incorrect information. This account was to be deleted in XXXX and as of XXXX XXXX, XXXX, this derogatory account is still incorrectly reporting in my credit file. I have several other items that I have disputed that Equifax has stated has been "" verified '' as well that I am adamant are not mine.",,"EQUIFAX, INC.",GA,XXXXX,,Consent provided,Web,2017-10-06,Closed with non-monetary relief,Yes,,2695343
2017-09-11,"Credit reporting, credit repair services, or other personal consumer reports",Credit reporting,Improper use of your report,Reporting company used your report improperly,,,"EQUIFAX, INC.",IL,60453,,Consent not provided,Web,2017-09-11,Closed with explanation,Yes,,2667580
2017-03-23,Debt collection,Mortgage,Improper contact or sharing of info,Contacted me after I asked not to,,,"Real Time Group, Inc.",FL,33908,Servicemember,Consent not provided,Web,2017-03-23,Closed with explanation,Yes,Yes,2401267
2017-12-20,"Credit reporting, credit repair services, or other personal consumer reports",Credit reporting,Incorrect information on your report,Account status incorrect,"Experian and XXXX is reporting my XXXX XXXX XXXX XXXX is a charged off as a bad debit for {$9900.00}. This is inaccurate, This account was paid in full which is reporting paid 100 % paid off on my XXXX credit report.",Company has responded to the consumer and the CFPB and chooses not to provide a public response,Experian Information Solutions Inc.,NC,XXXXX,Servicemember,Consent provided,Web,2017-12-20,Closed with explanation,Yes,,2760752
2017-08-25,Mortgage,Conventional home mortgage,Struggling to pay mortgage,,"I have only been with Select Portfolio Servicing for a year, my account transferred to them by XXXX. 
My home burned XXXX-XXXX-17 & I have been trying since that date to get short pay offers approved. 
XXXX did an appraisal after the fire which came in at {$38000.00} BPO. Two different XXXX  representatives promised me that an offer of {$36000.00} on my part would be accepted. I had the call on speaker & have witnesses that the 2 representatives made this statement to me about {$36000.00} ( 95 % of the BPO ) being accepted. 
It was not! 
This company has been sending me default letters since the fire. Prior to the fire & since, I have missed zero payments. XXXX until now I have sent {$4000.00} in payments to XXXX while being homeless due to their threatening mail. My mortgage payment is supposed to be locked in on a permanent modification at {$490.00}. 
I sent {$1000.00} that I did not owe in the past 45 days to stop the daily default notices & constant collection calls.",Company believes it acted appropriately as authorized by contract or law,"SELECT PORTFOLIO SERVICING, INC.",NC,280XX,"Older American, Servicemember",Consent provided,Web,2017-08-25,Closed with explanation,Yes,,2650919
2017-12-27,Checking or savings account,Checking account,Managing an account,Deposits and withdrawals,,Company has responded to the consumer and the CFPB and chooses not to provide a public response,"BANK OF AMERICA, NATIONAL ASSOCIATION",,,,,Referral,2017-12-30,Closed with explanation,Yes,,2767889
2017-04-30,"Credit reporting, credit repair services, or other personal consumer reports",Credit reporting,Problem with a credit reporting company's investigation into an existing problem,Their investigation did not fix an error on your report,,Company has responded to the consumer and the CFPB and chooses not to provide a public response,"TRANSUNION INTERMEDIATE HOLDINGS, INC.",AR,72745,,Consent not provided,Web,2017-04-30,Closed with non-monetary relief,Yes,,2471214
2017-09-11,Student loan,Private student loan,Struggling to repay your loan,Can't temporarily delay making payments,To Whom it May Concern : I have been a customer of XXXX XXXX then Navient for about ten years. I have always made my monthly payments. This month ( XXXX ) was extremely hard on me financially. I called Navient and asked if I could have a forbearance just for XXXX. I will be able to pay XXXX. As stated before I have paid monthly since I acquired the loan. I was told there is a {$100.00} forbearance fee. My loan payment is about {$170.00} a month. If I ca n't afford {$170.00} why would I be able to pay {$100.00}. I have federal student loans and have never been charged a fee. They stated that this fee will be applied toward my loan. I do not have the monthly payment and I do not have {$100.00}. I find it unfortunate that a company that I have had a good relationship with for ten years is unwilling to Assist me.,,"Navient Solutions, LLC.",IL,609XX,,Consent provided,Web,2017-09-11,Closed with explanation,Yes,,2669605
2017-08-23,Debt collection,Other debt,Attempts to collect debt not owed,Debt is not yours,"I paid my XXXX bill through XX/XX/XXXX and had my service disconnected. XXXX wanted {$200.00} more so they charged my credit card {$200.00} without my knowledge or consent. I have disputed the charge. XXXX XXXX returned the {$200.00} to me. I have attached a document to prove this. I believe this is a case of age discrimination. I am XXXX years old. 
They charged a card that I rarely use, which I think, was an attempt to hide the theft. Since my service was disconnected on XX/XX/XXXX, what is this bill for? I am sending proof that I have not missed any XXXX payments to XX/XX/XXXX. All XXXX bills are paid one month in advance.The last bill I paid was XX/XX/XXXX. This bill was for XXXX. I have proof the {$63.00} charge is for XX/XX/XXXX. I am also sending proof that a XXXX statement states I do n't owe the bill. They must have decided to charge me the {$63.00} after they failed to steal the {$200.00} dollars. On one statement it shows all equipment was returned yet XXXX still decided to charge me {$200.00} plus {$61.00} the total {$260.00}. The physical address on all XXXX statements is not XXXX XXXX XXXX XXXX, Arkansas XXXX. I have moved in the last month. XXXX has turned this over to Receivables Performance Management XXXX XXXX XXXX XXXX XXXX, WA XXXX for collection. The XXXX statements prove I do n't owe the bill. I will upload all statements. Both XXXX and Receivables Performance Management have harassed me constantly. Receivables Performance Management did so without checking to see if I owed the bill. 


XXXX XXXX XXXX XXXX XXXX XXXX, Arkansas XXXX XXXX XXXX",Company has responded to the consumer and the CFPB and chooses not to provide a public response,"Receivables Performance Management, LLC",AR,72120,Older American,Consent provided,Web,2017-08-28,Closed with explanation,Yes,,2643035
2017-07-26,"Payday loan, title loan, or personal loan",Installment loan,Charged fees or interest you didn't expect,,"On XXXX/XXXX/16, I called Wells Fargo and made a payment over the phone as I did not have time to set up auto pay at my bank. They took my Debit card info and I have confirmation # XXXX. The I set up auto pay for the payment to come out the XXXX of each month to make it to Wells Fargo by the XXXX Due Date. Mid XXXX I got calls morning, noon and night. I answered at home, and was told by this gentleman that my payment was due, I told him I had auto pay, he said well no payment has been received, and I got on my computer and to find out, for some reason the payment for XXXX did not go out, my bank did not know why either. So I tried to pay it, he refused to take my debit card! He said he would only take my bank routing # and account information from my checking account. I told him I do not have checks! I do n't use them and do n't have this information. Well he was not very helpful, and the calls continued. I have to work, and as I nurse, I work hard, and I called to complain, and I got someone and told them what happened and then the bank payment went through on the XXXX. So XXXX I was late by what, 11 days. Then moving forward, all my payments were EARLY! Then I kept getting charged late fees, then they charged some sort on Interest On Purcharses of which there are none! This was a roofing contract for a specific sum, for a 36 month, No Interest loan! They then cancelled the first card, initiated another one and I still kept up and paid early! I finally had enough, called again, tried speaking to multiple people to stop this insanity. Finally recently a person named XXXX, reversed several late fees, but they still added one right back right after this, I paid on XXXX XXXX and on XXXX XXXX, they charged me a Late Fee!! AND, still charging interest on something called "" Interest on Purchases '', but there are none!!! What kind of insanity is this? This is so wrong, immoral, unprincipled, worst customer service ever, then ... .THEN, I get a notice that they had reported a Negative Report on my and my spouse 's Credit Report on all 3 Bureaus '!!! For being 2 months late!!! We are not late!!! We are not missing any payments!!! They will not listen, they will not reverse this, this is not acceptable. So today, I went to my bank, got a cash adavance and paid {$3200.00} on the {$3200.00} balance, and I am done! I do not and will not do any business with them every again!! This is the worst case of fraud, should be illegal activity and worst treatment of customers ever.",Company has responded to the consumer and the CFPB and chooses not to provide a public response,WELLS FARGO & COMPANY,WA,98092,,Consent provided,Web,2017-07-26,Closed with monetary relief,Yes,,2586378
2017-09-09,"Credit reporting, credit repair services, or other personal consumer reports",Credit reporting,Improper use of your report,Reporting company used your report improperly,"The Equifax hack leaked my SSN, date of birth, and address. It was confirmed on the Equifax website that I was affected by this. That 's just lovely ...",,"EQUIFAX, INC.",OH,442XX,,Consent provided,Web,2017-09-09,Closed with explanation,Yes,,2668855
2017-09-25,"Credit reporting, credit repair services, or other personal consumer reports",Credit reporting,Improper use of your report,Credit inquiries on your report that you don't recognize,,Company has responded to the consumer and the CFPB and chooses not to provide a public response,"CITIBANK, N.A.",FL,33126,,Consent not provided,Web,2017-09-25,Closed with explanation,Yes,,2683933
2017-09-02,"Credit reporting, credit repair services, or other personal consumer reports",Credit reporting,Incorrect information on your report,Account information incorrect,XXXX XXXX CC ( MYLIFE ) XXXX PAID OFF XXXX OUT.,Company has responded to the consumer and the CFPB and chooses not to provide a public response,FIRST NATIONAL BANK OF OMAHA,TX,77429,Servicemember,Consent provided,Web,2017-09-02,Closed with explanation,Yes,,2657154
2017-04-28,"Credit reporting, credit repair services, or other personal consumer reports",Credit reporting,Problem with a credit reporting company's investigation into an existing problem,Investigation took more than 30 days,"I have requested via certified mail, a formal dispute of  XXXX   XXXX   XXXX   XXXX  is Illegally reporting on all  XXXX  major bureaus,  XXXX , Equifax and  XXXX . I have requested that the information be removed due to per Texas  SOS debt collection must be Bonded, and although they are not a 3rd party collector, they are indeed trying to collect a debt via the credit bureaus with a "" Cancelled Closed File '' per the Texas SOS. I have attached the  search results.",,"EQUIFAX, INC.",TX,75287,,Consent provided,Web,2017-04-28,Closed with explanation,Yes,,2469494
2017-12-12,Debt collection,Other debt,Attempts to collect debt not owed,Debt is not yours,,Company has responded to the consumer and the CFPB and chooses not to provide a public response,"SUNRISE CREDIT SERVICES, INC",CO,80129,,,Referral,2017-12-12,Closed with explanation,Yes,,2753556
2017-10-02,Checking or savings account,Savings account,Managing an account,Cashing a check,,Company has responded to the consumer and the CFPB and chooses not to provide a public response,"SUNTRUST BANKS, INC.",NC,28110,,,Referral,2017-10-03,Closed with explanation,Yes,,2692049
2017-03-23,Debt collection,Payday loan,Improper contact or sharing of info,Talked to a third party about my debt,XXXX is the collection company handling to collection. They called Tuesday both mine and my husbands phone. My husband returned their call and they discussed the debt and what is was going to take to fix it. My husband is not on the loan or my personal account. I spoke with them Wednesday about the fact that they discussed my personal info with my husband she informed me they are able to. She stated that I woild be served papers today if not paid and then garnishment would start soon after.,Company believes complaint caused principally by actions of third party outside the control or direction of the company,BlueChip Financial,KS,660XX,,Consent provided,Web,2017-03-23,Closed with explanation,Yes,No,2399949
2017-09-11,"Credit reporting, credit repair services, or other personal consumer reports",Credit reporting,Problem with fraud alerts or security freezes,,"As you know, Equifax had a major data breach impacting up to 143M consumers. All information needed to ruin someone 's life was stolen. As soon as I learned about this, I took steps to protect myself though Equifax did not tell the public until months after the breach. I went to each of the three major agencies and placed a freeze on my credit and on my husbands ( with his permission ). I had to pay {$7.00} for each freeze resulting in a cost of {$45.00} ( two charges at each bureau ). I do n't feel I should have to pay this since I only did it because of the less than acceptable security Equifax had on their system. Not only that, but I will have to pay each time I need to apply for credit to have the freeze temporarily removed. I did not address this with Equifax because they have no way for a consumer to contact them except by mail. If they do have a way to contact them other than mail, it was not easy to find on their website. I would have to write letters, which is yet another inconvenience for me.",,"EQUIFAX, INC.",TN,376XX,,Consent provided,Web,2017-09-14,Closed with explanation,Yes,,2664201
2017-09-21,"Credit reporting, credit repair services, or other personal consumer reports",Credit reporting,Improper use of your report,Credit inquiries on your report that you don't recognize,,,CAPITAL ONE FINANCIAL CORPORATION,MN,55344,Servicemember,Consent not provided,Web,2017-09-21,Closed with explanation,Yes,,2680883
2017-03-22,Mortgage,Other mortgage,"Loan modification,collection,foreclosure",,,Company has responded to the consumer and the CFPB and chooses not to provide a public response,WELLS FARGO & COMPANY,CA,94597,,,Fax,2017-03-23,Closed with non-monetary relief,Yes,No,2398623
2017-12-01,"Credit reporting, credit repair services, or other personal consumer reports",Credit reporting,Problem with a credit reporting company's investigation into an existing problem,Their investigation did not fix an error on your report,,Company has responded to the consumer and the CFPB and chooses not to provide a public response,"TRANSUNION INTERMEDIATE HOLDINGS, INC.",CA,94303,Servicemember,Consent not provided,Web,2017-12-01,Closed with explanation,Yes,,2743179
2017-12-29,"Credit reporting, credit repair services, or other personal consumer reports",Credit reporting,Incorrect information on your report,Information belongs to someone else,My name is XXXX XXXX. The credit bureau is refusing to remove two bankruptcies from my credit report that are not my accounts. I have never submitted nor filed for bankruptcy in my life. I am XXXX years old and I've been dealing with credit for a very long time. A recurring issue I've had to fight with the credit bureau about is that they will report other persons' accounts on my credit that are not mine. This has happened to me before and is the exact same situation that is happening with these two bankruptcy accounts. The first one has a filing date of XX/XX/XXXXwith reference #XXXX The second one has a filing date of XX/XX/XXXX with reference #XXXX,,"EQUIFAX, INC.",FL,32789,,Consent provided,Web,2017-12-29,Closed with explanation,Yes,,2767423
2017-11-17,Credit card or prepaid card,General-purpose credit card or charge card,Getting a credit card,Card opened as result of identity theft or fraud,,Company has responded to the consumer and the CFPB and chooses not to provide a public response,U.S. BANCORP,FL,33027,,,Postal mail,2017-11-17,Closed with explanation,Yes,,2732062
2017-12-07,"Credit reporting, credit repair services, or other personal consumer reports",Credit reporting,Incorrect information on your report,Information belongs to someone else,"My identity was stolen and multiple fraudulent accounts where opened under my name without my authorization and or knowledge. These fraudulent accounts are as follows, XXXX XXXX XXXX XXXX XXXX, XXXX  XXXX XXXX, XXXX XXXX XXXX. Ive advised XXXX and Transunion of this. Ive disputed the validity of all of these accounts with XXXX  and Transunion as well as those listed collection agencies, several times to no avail. XXXX and Transunion, along with those collection agencies refuses to provide me with the documentation Ive demanded them to provide me with, XXXX and Transunion refuses to remove these fraudulent accounts out of my name and off my credit report.",Company has responded to the consumer and the CFPB and chooses not to provide a public response,"TRANSUNION INTERMEDIATE HOLDINGS, INC.",PA,19148,,Consent provided,Web,2017-12-07,Closed with explanation,Yes,,2749252
2017-12-11,"Credit reporting, credit repair services, or other personal consumer reports",Credit reporting,Incorrect information on your report,Account status incorrect,,Company has responded to the consumer and the CFPB and chooses not to provide a public response,SYNCHRONY FINANCIAL,OH,43004,,Consent not provided,Web,2017-12-11,Closed with explanation,Yes,,2751704
2017-12-14,"Credit reporting, credit repair services, or other personal consumer reports",Credit reporting,Incorrect information on your report,Information belongs to someone else,,,"EQUIFAX, INC.",TX,75068,,Consent not provided,Web,2017-12-14,Closed with explanation,Yes,,2755326
2017-12-05,"Credit reporting, credit repair services, or other personal consumer reports",Credit reporting,Improper use of your report,Credit inquiries on your report that you don't recognize,"I was processing a mortgage loan with XXXX XXXX, and after they were wanting to charge me preposterous and unexplained fees, I decided to take my business elsewhere. They have continued pulling credit reports without my consent. I moved my business and am now processing a mortgage with XXXX XXXX and have authorized them to pull my credit, there are multiple other inquiries that have not been requested nor authorized. I placed a credit freeze on all of the credit bureaus and would like to request an investigation as to who is pulling my credit report with hard inquiries without consent.",Company has responded to the consumer and the CFPB and chooses not to provide a public response,CORELOGIC INC,FL,33321,,Consent provided,Web,2017-12-05,Closed with explanation,Yes,,2746329
2017-11-09,"Credit reporting, credit repair services, or other personal consumer reports",Credit reporting,Problem with a credit reporting company's investigation into an existing problem,Their investigation did not fix an error on your report,Hello I sent a Certified Letter on XXXX the XXXX 2017 to  Wells Fargo asking them to provided documentation of my debt and account with my original signature. They have not provided this information but have a account reporting on my credit report monthly that is not mines. It 's been over 45 days and no verification. I would like this Wells Fargo account removed from all 3 Credit report immediately,Company has responded to the consumer and the CFPB and chooses not to provide a public response,WELLS FARGO & COMPANY,GA,XXXXX,,Consent provided,Web,2017-11-09,Closed with explanation,Yes,,2724774
2017-12-08,Debt collection,Auto debt,Written notification about debt,Didn't receive enough information to verify debt,"My husband and I have been XXXX owners for over 20 years. We lease our vehicles, and replace them every 3 years so I have had lots of interaction with XXXX. Most recently, we both upgraded to XXXX, and I elected to turn in my XXXX XXXX XXXX after a year and a half into the 3 year lease. I am disappointed that I missed the single notice from XXXX ( XXXX sends ALOT of mail ) 4 months after I turned in the vehicle for an additional {$700.00} due, only to be referred to collections 21 days later. Additionally, my husband received his final bill on his lease for mileage within 30 days. 

I called XXXX XXXX XXXX and the manager indicated they are not able to help me. 

I have called the collections company, XXXX XXXX 3 times, and left messages for 3 different people. Before XX/XX/XXXX, on XX/XX/XXXX, and on XX/XX/XXXX, at XXXX. 

I emailed XXXX XXXX and they referred me back to XXXX XXXX. I 've emailed XXXX XXXX earlier today and am waiting to hear back. 

I am VERY disappointed that A ) I am not able to find out what the charge is for ; B ) XXXX only sent one notice ; and C ) This company who XXXX has agreed to do business with has the ability to impact my credit wont return my calls. 

I am so upset that I am trying to resolve this issue and I am not able to get anyone who can and will speak with me. I am very concerned about this impacting my credit and I have a hard time understanding after 18 months with this car, what the issue might be. 

Finally, I am spending way too much time trying to resolve this issue which is beyond ridiculous.",,"URS Holding, LLC",CA,90620,,Consent provided,Web,2017-12-08,Closed with explanation,Yes,,2750208
2017-08-07,"Credit reporting, credit repair services, or other personal consumer reports",Credit reporting,Incorrect information on your report,Account status incorrect,"XXXX XXXX XXXX XXXX is reporting several student loans incorrectly and more than once. They show the following loans as "" Paid was 120 '' when in fact I had submitted my deferral paperwork on time and had even called several times to follow up and was reassured that it was in process and that there would be no impact to my credit. Loans : XXXX, XXXX, XXXX, XXXX, XXXX, XXXX, XXXX, XXXX, XXXX, XXXX, XXXX, These also transferred and are being handled by a different company. It is duplicated and incorrect.",Company has responded to the consumer and the CFPB and chooses not to provide a public response,"TRANSUNION INTERMEDIATE HOLDINGS, INC.",CA,92307,,Consent provided,Web,2017-08-08,Closed with explanation,Yes,,2643891
2017-03-29,Debt collection,I do not know,Cont'd attempts collect debt not owed,Debt is not mine,,,"CAVALRY INVESTMENTS, LLC",FL,34771,,Consent not provided,Web,2017-03-29,Closed with non-monetary relief,Yes,No,2410239
2017-08-30,"Credit reporting, credit repair services, or other personal consumer reports",Credit reporting,Problem with a credit reporting company's investigation into an existing problem,Their investigation did not fix an error on your report,,Company has responded to the consumer and the CFPB and chooses not to provide a public response,Experian Information Solutions Inc.,NY,11563,,Consent not provided,Web,2017-08-30,Closed with explanation,Yes,,2654823
2017-09-14,"Payday loan, title loan, or personal loan",Payday loan,Charged fees or interest you didn't expect,,"Reference is made to Account Number XXXX for the amount of {$300.00} opened on XX/XX/XXXX. 

On XX/XX/XXXX I made a Interest cost payment of {$90.00} On XX/XX/XXXX I made a payment of {$200.00} on the Principal amount with a {$90.00} interest cost. 

Today, XX/XX/XXXX my account balance shows an incorrect amount of interest cost that is due on XX/XX/XXXX. Specifically, after calling Customer Services Representatives this Loan Company is unable to tell me and post the correct amount due which is a Principal balance of {$100.00} with a {$30.00} Interest cost.",,Guidiville Indian Rancheria,AZ,85281,,Consent provided,Web,2017-09-14,Closed with explanation,Yes,,2673334
2017-07-04,Credit card or prepaid card,General-purpose credit card or charge card,Closing your account,Can't close your account,"I closed my business ( XXXX XXXX ) bank and credit card account ( with Wells Fargo ) in XXXX 2016,  but recently I received an unsolicited XXXX XXXX credit card. I did not activate it and a few weeks ago I received a letter from Wells Fargo complaining I did not activate the credit card that I did not solicit for an account I closed in 2016!",Company has responded to the consumer and the CFPB and chooses not to provide a public response,WELLS FARGO & COMPANY,VA,22202,,Consent provided,Web,2017-07-04,Closed with non-monetary relief,Yes,,2565169
2017-11-27,"Credit reporting, credit repair services, or other personal consumer reports",Credit reporting,Improper use of your report,Credit inquiries on your report that you don't recognize,"I called Equifax to dispute inquires that I know for a fact were not authorized by myself. These inquiries should not have been allowed to be placed on my file since I did not authorize them. They were not court ordered, for employment, insurance nor for an offer of credit for myself. My dispute came back verified and I know this to be u true as I never attempted to gain credit with ANYONE other then a credit card! This is unsatisfactory and AGAINST THE LAW!!",,"EQUIFAX, INC.",AL,36605,,Consent provided,Web,2017-11-27,Closed with explanation,Yes,,2738652
2017-05-23,Debt collection,I do not know,Took or threatened to take negative or legal action,Threatened to sue you for very old debt,,,"Suttell, Hammer & White, P.S",WA,98625,,Consent not provided,Web,2017-05-23,Closed with explanation,Yes,,2491822
2017-08-09,Debt collection,Credit card debt,Threatened to contact someone or share information improperly,Contacted your employer,,Company believes it acted appropriately as authorized by contract or law,"Pressler & Pressler, LLP",NJ,08824,,,Phone,2017-08-09,Closed with explanation,Yes,,2599665
2017-12-15,Mortgage,Other type of mortgage,Struggling to pay mortgage,,"Bank of America Home Loans is engaging is Mortgage Service Abuse, Dealing in Bad Faith with deceptive and misleading practices by fanning a Loan Modification, then denying to wit without proper notification. 

This type of behavior of deflecting the homeowners attempts to get a fair loss mitigation resolution and is therefore an unfair business practice. 

Bank of America Home Loans is engaging in deceptive and misleading practices in regards to this loan Modification by arbitrary and redundant conditions. 

XXXX XXXX first mortgage at since XX/XX/XXXX at Bank of America Loan number XXXX is a federally insured XXXX XXXX with a principal balance of XXXX XXXX with rate of 6.25 % monthly payment of {$1100.00} and a second mortgage loan number XXXX XXXX XXXX with a principal balance of {$36000.00} at interest only rate of 6 % and a monthly payment of {$180.00} with a balloon payment of {$36000.00} due XX/XX/XXXX. 

XXXX XXXX fearing the looming balloon payment of {$36000.00} which she does not have contacted Bank of America to request help and inquire as to her options. To which there only offer was to apply for a loan modification which she did in XX/XX/XXXX. 
XXXX XXXX received a letter dated XX/XX/XXXX stating that we regret to inform you that based on careful review of the information you provide, you dont meet the eligibility requirements to qualify for a loan modification. However, youre qualified to pursue a short sale. Weve included more information about your shot sale option and reason ( s ) why your loan isnt eligible for a modification in the enclosed Results of Your Evaluation section. Exhibit A. YET THE IS NO SPECIFIC REASON GIVEN. 
A short sale is a sale of real estate in which the net proceeds from selling the property will fall short of the debts secured by liens against the property. 

Exhibit-B is Bank of America AVM dated XX/XX/XXXX7 for loan Number : XXXX with the estimate value if {$290000.00}. 
Exhibit C Mortgage statement dated XX/XX/XXXX the 1st mortgage prinpincal balance is {$180000.00} minus the value of {$290000.00} equals 62.85 % LTV or equity of {$100000.00}!

Exhibit D- Mortgage statement dated XX/XX/XXXX the 2nd mortgage prinpincal balance is {$36000.00} equals a total balance due of {$220000.00} equals 75.30 % CLTV or equity {$72000.00}.",Company has responded to the consumer and the CFPB and chooses not to provide a public response,"BANK OF AMERICA, NATIONAL ASSOCIATION",CA,92881,,Consent provided,Web,2017-12-15,Closed with explanation,Yes,,2756482
2017-12-15,"Credit reporting, credit repair services, or other personal consumer reports",Credit reporting,Incorrect information on your report,Information belongs to someone else,,Company has responded to the consumer and the CFPB and chooses not to provide a public response,Experian Information Solutions Inc.,SC,29488,,Consent not provided,Web,2017-12-15,Closed with explanation,Yes,,2756611
2017-04-26,Debt collection,Other debt,False statements or representation,"Impersonated attorney, law enforcement, or government official",,,CL Holdings LLC,TX,77026,,Consent not provided,Web,2017-04-26,Closed with non-monetary relief,Yes,,2467525
2017-04-26,"Credit reporting, credit repair services, or other personal consumer reports",Credit reporting,Incorrect information on your report,Old information reappears or never goes away,"i call the credit bure au  XX/2016  and  spoken will with upper management i ask about my report i was told their was only just  XXXX  item on my report and i pull my self the only item that was listed on report was a fed loan no public record or anything else all this inaccurate was remove from my file and i check again so month later these things reappear by law sect ion 6-11 of  the fair credit reporting act if item has been remove from credit reporting you must receive a letter within 5 days notification if item would be replace back on report here is item that was remove  XXXX   XXXX   XXXX , Tn Fed Bankrupt, Tn Fed Bankrupt, Tn Fed Bankrupt these three was in public record, Mississippi Div",Company has responded to the consumer and the CFPB and chooses not to provide a public response,Experian Information Solutions Inc.,TN,38109,,Consent provided,Web,2017-04-26,Closed with non-monetary relief,Yes,,2467291
2017-09-09,"Credit reporting, credit repair services, or other personal consumer reports",Credit reporting,Improper use of your report,Reporting company used your report improperly,,,"EQUIFAX, INC.",OR,97124,,Consent not provided,Web,2017-09-09,Closed with explanation,Yes,,2668842
2017-09-21,Mortgage,Conventional home mortgage,Struggling to pay mortgage,,,Company has responded to the consumer and the CFPB and chooses not to provide a public response,WELLS FARGO & COMPANY,CA,95377,,Consent not provided,Web,2017-09-21,Closed with explanation,Yes,,2681076
2017-01-26,Consumer Loan,Vehicle loan,Problems when you are unable to pay,,"The loan company made calls to my references when I was late on making a payment. They left a voicemail. In the message ( I have them recorded ) they mention who they are, that they are looking for me and to tell me to call his auto loan company immediately. So, my references then call me to tell me about how my auto loan company is looking for you. Then a few days later, they left me an automated message. The message basically stated ( XXXX ) that you need to pay your payment and to press one to speak to a LEGAL REPRESENTATIVE. This is flat out illegal, as these are not legal representatives. It just connects you back to the auto loan company. I also have a number of these recorded.",Company believes complaint represents an opportunity for improvement to better serve consumers,"MAS FINANCIAL SERVICES, INC.",OR,97219,,Consent provided,Web,2017-01-26,Closed with explanation,Yes,No,2312355
2017-03-31,Debt collection,"Other (i.e. phone, health club, etc.)",Disclosure verification of debt,Not given enough info to verify debt,Convergant Outsourcing LLC has reported a paid collection in which I did pay to settle the account with them for {$250.00} because I owed XXXX {$280.00} for a closed unpaid phone bill. Which was in XX/XX/XXXX when it was sent to collection for none payment..Convergent Outsourcing LLC has the account listed as opened on XX/XX/XXXX which is not accurate,,"Convergent Resources, Inc.",MD,21217,,Consent provided,Web,2017-03-31,Closed with explanation,Yes,No,2413664
2017-08-21,"Credit reporting, credit repair services, or other personal consumer reports",Credit reporting,Incorrect information on your report,Account information incorrect,,Company has responded to the consumer and the CFPB and chooses not to provide a public response,Experian Information Solutions Inc.,TX,78748,,Consent not provided,Web,2017-08-21,Closed with explanation,Yes,,2647637
2017-05-16,"Credit reporting, credit repair services, or other personal consumer reports",Credit reporting,Incorrect information on your report,Account status incorrect,,Company has responded to the consumer and the CFPB and chooses not to provide a public response,Experian Information Solutions Inc.,GA,30127,,,Postal mail,2017-05-16,Closed with non-monetary relief,Yes,,2485693
2017-11-17,"Credit reporting, credit repair services, or other personal consumer reports",Credit reporting,Credit monitoring or identity theft protection services,Problem with product or service terms changing,,,"EQUIFAX, INC.",SC,29306,,,Phone,2017-11-17,Closed with explanation,No,,2732800
2017-09-08,"Credit reporting, credit repair services, or other personal consumer reports",Credit reporting,Improper use of your report,Reporting company used your report improperly,"Equifax irresponsibly stored and lost my personal information such as my SSN, name, address, etc. Equifax lacked any substantial or modern security within their systems and stored data in an insecure location. My personal information will now circulate throughout sources on the internet for the rest of my life. Equifax has not provided me suitable protection for such a data leak, with only a single year of free fraud alert services. Data like a SSN can never be changed, making a single year of protection almost completely useless. Comprehensive fraud alert services cost at least {$20.00} a month. Going forward, I would have to invest tens of thousands of dollars for simple basic alert protection over the course of my life due to this breach.",,"EQUIFAX, INC.",MI,495XX,,Consent provided,Web,2017-09-08,Closed with explanation,Yes,,2661336
2017-02-12,Debt collection,Medical,Disclosure verification of debt,Not given enough info to verify debt,,Company believes it acted appropriately as authorized by contract or law,"California Business Bureau, Inc.",CA,92805,,Consent not provided,Web,2017-02-12,Closed with explanation,No,No,2340546
2017-01-04,Credit card,,Rewards,,"I opened a credit card XXXX years ago with CITI. They promised to give me XXXX for every dollar I spent. About a month ago I got a letter from XXXX that they are shutting down my rewards account and taking away all my rewards claiming that I violated the terms of their program. I had over $ XXXX rewards worth {$4200.00}. 
I could have used a cashback card or any other rewards card to receive rewards/cash on my purchases. I continue to use the CITI business card for our business and we are losing money we could have received every month",Company has responded to the consumer and the CFPB and chooses not to provide a public response,"CITIBANK, N.A.",FL,33410,,Consent provided,Web,2017-01-04,Closed with explanation,Yes,Yes,2274992
2017-09-16,"Credit reporting, credit repair services, or other personal consumer reports",Credit reporting,Improper use of your report,Reporting company used your report improperly,,,"EQUIFAX, INC.",NJ,08816,,Consent withdrawn,Web,2017-09-16,Closed with explanation,Yes,,2675934
2017-05-05,Debt collection,Medical debt,Written notification about debt,Didn't receive notice of right to dispute,,Company believes it acted appropriately as authorized by contract or law,TENET HEALTHCARE CORPORATION,FL,33404,,Consent not provided,Web,2017-05-05,Closed with explanation,Yes,,2476887
2017-07-13,Checking or savings account,Checking account,Managing an account,Deposits and withdrawals,,Company has responded to the consumer and the CFPB and chooses not to provide a public response,"BMO Bank, N.A.",WI,53012,,Consent not provided,Web,2017-07-13,Closed with explanation,Yes,,2573418
2017-04-18,Mortgage,Other mortgage,"Loan modification,collection,foreclosure",,"The homeowner has been trying to get a loan modification since  XXXX / XXXX / XXXX . Recently I was served a Notice of  Default  on  XXXX   XXXX ,  XXXX . The servicer  XXXX   XXXX  served the  XXXX  Notice. A trustee of Sale is :  XXXX   XXXX   XXXX   XXXX ,  XXXX   XXXX   XXXX   XXXX ,  XXXX   XXXX ,  XXXX , Nevada,  XXXX .     I have a change of circumstances and am formally filing an appeal via the CFP B Consumer Finance Protection Bureau. I  am requesting a basis of denial report, as appears that errors in the income and property value were used to base the denial for request for a loan modification. I was denied a loan modification : without an explanation for the denial.     On  XXXX / XXXX / XXXX  A notice  of Default was file d. There is no date of sale set at this time.     Recently on  XXXX   XXXX ,  XXXX  I discovered that the previous lenders,  XXXX ,   XXXX   XXXX   XXXX  ,  XXXX   XXXX  and   XXXX   XXXX   XXXX   : signed consent agreements for mortgage fraud violations, including no just standing. The homeowner has ordered a  XXXX   XXXX   XXXX  on this property and reserves all rights under discovery and possible violations exist in the following :   1. Broken chain of title.
2  . No just standing  3 . Gross fragmentation of the note to  XXXX   XXXX .   The home owners  XXXX  audit produced in  XXXX   XXXX ,  XXXX  : could also show strong evidence of known robo signer participation in  XXXX  documents and more.   The Homeowner alleges the following investor, Master Trustee and servicers ; most likely knew of the broken title and no just standing : but started the foreclosure process without just standing. The investor, Master Trustee and servicers include :  Aspen G LLC ,  XXXX ,   XXXX   XXXX   XXXX  ,  XXXX   XXXX  and of course   XXXX   XXXX   XXXX  .     This CFPB complaint includes :  1 . LACK OF STANDING TO FORECLOSE ;  2. FRAUD IN THE CONCEALMENT ; 3. FRAUD IN THE INDUCEMENT ; 4. INTENTIONAL INFLICTION OF EMOTIONAL DISTRESS ; 5. QUIET TITLE ; 6. SLANDER OF TITLE ; 7. DECLARATORY RELIEF ; 8. VIOLATIONS OF TILA ; 9. VIOLATIONS OF RESPA ; 10 . RESCISSION.",Company disputes the facts presented in the complaint,"Aspen Properties Group, LLC",NV,94587,,Consent provided,Web,2017-04-19,Closed with explanation,Yes,No,2441184
2017-10-24,"Credit reporting, credit repair services, or other personal consumer reports",Credit reporting,Incorrect information on your report,Account status incorrect,My loans were transferred to another loan servicer. Before my loan was transferred they were in deferment status. XXXX are still reporting on my credit as late and failed to pay even though they no longer own my loan. Those loans are still being reported negatively on my credit report for all three credit agencies. I called and emailed XXXX several times to no avail. These negative black marks has had a negative impact on my credit score and they are stopping me from completing the process of purchasing a home.,Company has responded to the consumer and the CFPB and chooses not to provide a public response,"TRANSUNION INTERMEDIATE HOLDINGS, INC.",GA,XXXXX,,Consent provided,Web,2017-10-24,Closed with explanation,Yes,,2710783
2017-02-23,Debt collection,I do not know,Disclosure verification of debt,Not given enough info to verify debt,,,"Pinnacle Credit Services, LLC",GA,30339,,Consent not provided,Web,2017-02-23,Closed with explanation,Yes,No,2356986
2017-03-15,Mortgage,Other mortgage,Other,,,Company has responded to the consumer and the CFPB and chooses not to provide a public response,WELLS FARGO & COMPANY,NM,87505,,,Postal mail,2017-03-16,Closed with explanation,Yes,No,2389032
2017-11-18,"Credit reporting, credit repair services, or other personal consumer reports",Other personal consumer report,Improper use of your report,Received unsolicited financial product or insurance offers after opting out,,Company has responded to the consumer and the CFPB and chooses not to provide a public response,"TRANSUNION INTERMEDIATE HOLDINGS, INC.",AZ,85210,,Consent not provided,Web,2017-11-18,Closed with explanation,Yes,,2733218
2017-08-11,Checking or savings account,Checking account,Managing an account,Problem making or receiving payments,"On X/X/17 we used XXXX which is a money transferring system offered by Wells Fargo. The amount of {$450.00} was sent to my sister in law that also has a Wells Fargo Account. The problem is that Wells Fargo sent it to a XXXX XXXX that according to them matched the email of the recipient. Because the transfer was done using the email they state that the account that was associated with that email was XXXX and not Wells Fargo. What makes things worst is that when she tried to retrieve the money she was told that she needed to open an account in order to collect her funds. At that point we called WF and were told that we had to contact XXXX. XXXX then said that WF made the mistake and that they are responsible to make the correction. After going back and forth with both banks on the phone we visited our local WF branch. After explaining the situation we were told that it is not a WF issue but a XXXX issue. After persisting with the branch manager they filed a claim to the "" escalation team '' and that we should expect a call within 3 to 5 business days. On Wednesday we received a call from the rep that assisted us at the branch and relayed the information he received from the escalation team and that they are not sure if they can retrieve the money from XXXX and that the recipient should contact a XXXX branch "" she already attempted that '' Once again we called Online customer care and after much explanation and over 1.5 hours being transferred we filed a complaint with the "" resolutions team '' still nothing has been resolved. The funds are in limbo somewhere and WF states that it can take up to 10 business days for the investigation to be concluded. We feel this is abusive and un explainable on behalf of WF. We can not comprehend how they promote a service like XXXX but once a problem occurs they try to avoid responsibility for the mistake. After reading in the news the list of problems and complaints WF has been faced with lately, We wonder how they continue to get away with this kind of behavior. Please help ...",Company has responded to the consumer and the CFPB and chooses not to provide a public response,WELLS FARGO & COMPANY,FL,33405,,Consent provided,Web,2017-08-11,Closed with monetary relief,Yes,,2635149
2017-03-09,Debt collection,Medical,Cont'd attempts collect debt not owed,Debt was paid,,Company has responded to the consumer and the CFPB and chooses not to provide a public response,HCFS Healthcare Financial Services of TeamHealth,NJ,08053,,Consent not provided,Web,2017-03-09,Closed with explanation,Yes,Yes,2379919
2017-11-22,Vehicle loan or lease,Loan,Problems at the end of the loan or lease,Problem related to refinancing,"In XX/XX/XXXX, I opened an auto loan with Zions Bank for the amount of {$25000.00}. On the original promissory note, it stated that my monthly payments would be {$480.00}. I faithfully paid {$480.00} each month with the exception of XX/XX/XXXX and XX/XX/XXXX. For those two months, I paid {$100.00} for a payment deferment per Zions Bank 's policy. 

The apparent problem with the loan began in XX/XX/XXXX. For some reason that Zions Bank has yet to explain, I began to receive monthly payment coupons for my loan which stated that I should pay just over {$400.00}, instead of the original promissory note 's stated {$480.00}. I naively assumed that Zions Bank knew what they were doing in managing my loan and had perhaps readjusted something with the loan. So, I began to faithfully pay {$410.00} per month. With each successive month 's payment coupon, it reflected that I was AHEAD of my payment schedule since I had paid {$410.00} instead of the stated required {$400.00} per month. 

After nearly 36 months of this payment schedule, the last payment coupon I received stated that I only needed to pay around {$100.00} since I was AHEAD from paying a little extra each month. Unfortunately, I ignorantly assumed that Zions Bank was competently managing my loan, and I did not keep the hard copies of my monthly payment coupons. As you may well understand, I was completely blindsided and dumbfounded when this XX/XX/XXXX ( when my loan should have been paid off ), I received a letter from Zions Bank stating that I owed roughly a {$3500.00} balance on my loan immediately or I would be sent to collections! That so-called balance ( Zions claims ) was the equivalent of the past 36 months of paying {$410.00} instead of {$480.00}. I was never notified of any overdue balance or charges during that 36 months, but, as stated earlier, my monthly payment coupons indicated that I was AHEAD of schedule. 

After a couple of weeks of working Zions Bank, trying to get them to send me copies of my monthly payment coupons that explicitly stated that I should pay {$400.00} instead of {$480.00}, Zions has yet to deliver. Instead, they only sent me my payment history ( see attached ). More disturbing is the fact that after talking to someone that represented the Office of the President of Zions Bank and explaining my situation, her best explanation concerning why Zions Bank would have sent me monthly payment coupons requiring {$400.00} instead of the original {$480.00} from the promissory note was simply, "" I 'm sorry. That must have been a mistake. '' It certainly was not my mistake, so why am I the XXXXne being penalized? 

After another week of receiving letters and phone calls from Zions Bank demanding that I pay the so-called balance of {$3500.00}, and with no hope in sight of being able to resolve this dilemma ( with Zions Bank accepting no responsibility ), I simply paid the balance by draining my son 's savings account. I have felt absolutely used and abused since that day I paid Zions Bank on XXXX XXXX, XXXX. 

I emailed and called the Office of the President for Zions Bank, once again requesting for them to send me copies of the last 12 months of monthly payment coupons so that I could show them what THEY did with managing my loan, hoping that they might acknowledge their obvious mismanagement of my loan and make things right, but they will not accommodated my request.",Company has responded to the consumer and the CFPB and chooses not to provide a public response,ZIONS BANCORPORATION,UT,84062,,Consent provided,Web,2017-11-22,Closed with monetary relief,Yes,,2735877
2017-07-29,"Credit reporting, credit repair services, or other personal consumer reports",Credit reporting,Incorrect information on your report,Account information incorrect,"I previously filed a complaint XXXX which was resolved to my satisfaction by XXXX 's XXXX XXXX. The resolution involved updating the 3 Credit Reporting Agencies with accurate information regarding 2 tradelines. After correctly reporting these to all 3 bureaus, XXXX reverted to the prior incorrect reporting with XXXX and Transunion. XXXX remains accurate. I left phone messages with the person who previously handled the complaint, with no returned calls. Therefore, I am re-filing this complaint. Under the FCRA, XXXX has exhausted the 30 day period to correctly post the tradelines and I am requesting deletion of both accounts pursuant to 15 U.S.C. 1681 ( a ) ( 1 ).",Company has responded to the consumer and the CFPB and chooses not to provide a public response,"TRANSUNION INTERMEDIATE HOLDINGS, INC.",WA,XXXXX,Servicemember,Consent provided,Web,2017-07-29,Closed with explanation,Yes,,2589097
2017-11-13,"Credit reporting, credit repair services, or other personal consumer reports",Credit reporting,Incorrect information on your report,Personal information incorrect,"For years experian has my name as XXXX XXXX XXXX XXXX. I am XXXX XXXX a woman. My husband is XXXX XXXX XXXX XXXX. This company is so in component they ca n't even get my name correct. I 've sent in proof so many times its ridiculous now. If they have my name wrong, how can they possibly actually be disputing items I have requested? They have the wrong name. How are they calling these companies with a fake name to verify? They are not, that 's how. They lie and never even dispute anything. I 'm attaching the report I got in the mail today and my license.",Company has responded to the consumer and the CFPB and chooses not to provide a public response,Experian Information Solutions Inc.,NY,119XX,,Consent provided,Web,2017-11-13,Closed with non-monetary relief,Yes,,2728053
2017-05-14,Vehicle loan or lease,Loan,Incorrect information on your report,Account information incorrect,"Capit al One Auto Loan is a bad decision. I fell into hard times but still paid my car note. I had car insurance got into a auto accident, and the car was deemed totaled. Capital One still to this day h as this car showing as a repossession on my credit report when that is inaccurate. When a car is totaled the insurance company pays the car off, which in turn is why this car should not show as a repossession on my report it should show as paid in full.",,CAPITAL ONE FINANCIAL CORPORATION,FL,33610,,Consent provided,Web,2017-05-14,Closed with explanation,Yes,,2483998
2017-10-19,Checking or savings account,Checking account,Opening an account,Didn't receive terms that were advertised,"Hi, this is Regarding a US Bank summer promotion that gives a {$200.00} bonus after doing 2 bill pays of more than {$25.00}. I have yet to receive the bonus after multiple contacts with US bank, here 's a timeline. ( The bonus is maximum 60 days to be dispersed out ) 1. Opened account on XXXX/XXXX/XXXX, shortly after met the requirements of 2 bill pays. 

2. Emailed US Bank on XXXX/XXXX/XXXX regarding when I would be receiving my bonus. Was told thanks, I met the requirements, and that I would receive it no later than XXXX/XXXX/XXXX. 

3. XXXX/XXXX/XXXX still no bonus, emailed US bank they said I have to wait 7-10 more days and are going to "" investigate. '' Unfair and unacceptable.",Company has responded to the consumer and the CFPB and chooses not to provide a public response,U.S. BANCORP,CA,92562,,Consent provided,Web,2017-10-19,Closed with monetary relief,Yes,,2706200
2017-04-12,Consumer Loan,Installment loan,Problems when you are unable to pay,,"Castle Credit has called my job, therefore jeopardizing it in numerous times. 
Calling me at my home after XXXX and on week ends. 
Castle Credit has put a lien on my house for a loan less than {$8000.00}.",,"Castle Credit Co Holdings, LLC, Chicago, IL Branch",CA,93550,,Consent provided,Web,2017-04-13,Closed with explanation,Yes,No,2432465
2017-07-07,"Credit reporting, credit repair services, or other personal consumer reports",Credit reporting,Incorrect information on your report,Information belongs to someone else,"These hard inquires that were not authorized by me and need to be Immediately removed. I have contacted Equifax by phone and sent numerous disputes regarding this inquires. XXXX refuses to delete these unauthorized inquires off of my credit report. These unauthorized inquiries are keeping me from obtaining credit. My report contains credit inquiries that I never authorized. I request that the following inquiries be deleted immediately : XXXX XXXXXX/XX/XXXX, XXXX XXXX XXXXXX/XX/XXXX, XXXX XXXXXX/XX/XXXX, XXXX XXXXXX/XX/XXXX, XXXX XXXX s XX/XX/XXXX, XXXX XXXX XX/XX/XXXX, XXXX XXXX XX/XX/XXXX, XXXX XXXX XX/XX/XXXX, XXXX XXXX XXXXXX/XX/XXXX, XXXX XXXX XX/XX/XXXX, XXXX XXXX XXXX  XX/XX/XXXX, XXXX XXXX XXXX XXXXXX/XX/XXXX, XXXX XXXX XXXX XX/XX/XXXX, XXXX XXXX XXXX  XX/XX/XXXX, XXXX XXXX XXXXXX/XX/XXXX, XXXX XXXX XXXXXX/XX/XXXX, XXXX XXXXXX/XX/XXXX, XX/XX/XXXXXX/XX/XXXX, XXXX XXXX XXXXXX/XX/XXXX, XXXX XXXXXX/XX/XXXX, XXXX XXXX XXXX XXXX XX/XX/XXXX, XXXX XXXX XXXX XXXX XX/XX/XXXX, XXXX XXXX XXXXXX/XX/XXXX, XXXX XXXX XX/XX/XXXX.",,"EQUIFAX, INC.",SC,XXXXX,,Consent provided,Web,2017-07-07,Closed with explanation,Yes,,2567299
2017-08-09,"Credit reporting, credit repair services, or other personal consumer reports",Credit reporting,Incorrect information on your report,Information belongs to someone else,"Bank of America had been notified by me beginning in XXXX of 2017 of needing complete and accurate validation of 3 personal one 1 business account that appears on my XXXX XXXX and XXXX XXXX XXXX consumer profile. Bank of America has exceeded the 30 day timeframe to validate these accounts. They are adversely affecting me yet Bank of America refused to honor the law and my consumer rights. They only provided slight account info yet 80 % of the rational, basic info I requested such as signature cards that bare my complete name, account # EIN, photocopies of checks which alegedly cased some of these accounts to close and place me in XXXX XXXX XXXX XXXX and XXXX. # etc were not provided. Bank of America only stated to me that what they provided was "" the best that they could do '' and that they sre sorry, however, they are "" unable to provide signature cards '' for the accounts in question. ( See attached letter from Bank of America ) The local branch also does NOT have these documents to properly validate these accounts. They are giving me the run around. I am simply a law abiding citizen that is being violated. I am XXXX I can not keep running back and foward to branches and calling 5 days a week to get these accounts off any adverse profiles it 's associated with, including their internal systems. Bank of America has provided me with 4 letters from each account stating the above mentioned about no complete, pertinent, proof of accounts under my name and ssn.. Futhermore, these accounts do n't even bare my complete legal name and I have no knowledge of the addresses associated with these accounts as I have repeatedly informed managment. XXXX XXXX XXXX XXXX refused to validate these accounts also.",Company has responded to the consumer and the CFPB and chooses not to provide a public response,"BANK OF AMERICA, NATIONAL ASSOCIATION",GA,XXXXX,,Consent provided,Web,2017-08-23,Closed with explanation,Yes,,2636605
2017-01-04,Consumer Loan,Vehicle loan,Managing the loan or lease,,"First Niagara Bank was bought out by Key Bank. 
During the transition some accounts disappeared and such. 
For Me I was locked out of my account for over 40 days and could do nothing about it. 
I visited a branch and was told they would fix it, but did nothing. 
I have been in communication with the executive office and keep getting the run around and now several months later, issue is still yet to be resolved. 
I continue to have my credit damaged because of their failure to correct this error. 
They have waived late fees, but not any interest or doing anything to compensate for the issues arising out of the situation. 
The executive office refers me to the auto loan collections department who on 3 separate occasions have refused to update information that was advised by the executive office.",,KEYCORP,NY,141XX,,Consent provided,Web,2017-01-04,Closed with explanation,Yes,Yes,2271627
2017-08-23,Mortgage,Conventional home mortgage,Trouble during payment process,,,Company has responded to the consumer and the CFPB and chooses not to provide a public response,WELLS FARGO & COMPANY,VA,22031,,Consent not provided,Web,2017-08-23,Closed with monetary relief,Yes,,2648309
2017-10-01,"Credit reporting, credit repair services, or other personal consumer reports",Other personal consumer report,Incorrect information on your report,Personal information incorrect,Never lived at XXXX XXXX. X wife lives there,,"EQUIFAX, INC.",FL,32904,Servicemember,Consent provided,Web,2017-10-01,Closed with explanation,Yes,,2689710
2017-09-08,"Credit reporting, credit repair services, or other personal consumer reports",Credit reporting,Improper use of your report,Reporting company used your report improperly,"Equifax Inc. said its systems were struck by a cyberattack that may have affected about 143 million U.S. customers of the credit reporting agency. The Intruders accessed names, Social Security numbers, birth dates, addresses drivers license numbers, and credit card numbers.",,"EQUIFAX, INC.",CA,94085,,Consent provided,Web,2017-09-08,Closed with explanation,Yes,,2665021
2017-11-14,"Credit reporting, credit repair services, or other personal consumer reports",Credit reporting,Incorrect information on your report,Information belongs to someone else,,Company has responded to the consumer and the CFPB and chooses not to provide a public response,Experian Information Solutions Inc.,CA,91204,,Consent not provided,Web,2017-11-14,Closed with non-monetary relief,Yes,,2729223
2017-12-09,"Credit reporting, credit repair services, or other personal consumer reports",Credit reporting,Problem with a credit reporting company's investigation into an existing problem,Their investigation did not fix an error on your report,"My name is XXXX XXXX. I have never been married and never have legally changed my name. I was born on XXXX XXXX, XXXX. On XXXX XXXX, XXXX I submitted an official dispute with XXXX XXXX for reasons including possible fraud/i.d theft. I also sent the management company a letter asking to provide me with any proof or information that would help delete the incorrect info on my credit profile. XXXX XXXX or company have yet to resolve or provide any info regarding this investigation.",Company has responded to the consumer and the CFPB and chooses not to provide a public response,"TRANSUNION INTERMEDIATE HOLDINGS, INC.",LA,70815,,Consent provided,Web,2017-12-09,Closed with explanation,Yes,,2750766
2017-10-03,Debt collection,I do not know,Written notification about debt,Didn't receive enough information to verify debt,"On or about XXXX XXXX, 2017, the collection agency responded to the CFPB ( Consumer Financial Protection Bureau ) advising the matter has been closed in the office. However, this agency was negligent in informing the CFPB that the information in which they reported to the major credit reporting repositories will be removed.",,"Weltman, Weinberg & Reis Co., L.P.A.",NJ,XXXXX,,Consent provided,Web,2017-10-03,Closed with explanation,Yes,,2691851
2017-09-24,Vehicle loan or lease,Loan,Struggling to pay your loan,Denied request to lower payments,"This company 's employees are extremely rude and disrespectful and do n't even offer grace periods or deferments after Hurricane Irma I recently took my car loan out with this company. Since then, about almost 2 weeks, we experienced Hurrican Irma and public schools and most businesses were closed due to electrical issues which took the electric company almost until a couple days ago to have the whole county at 100 % again. Due to the closings, I was forced to pay a lot of money for additional childcare costs, food expenses and I lost some days of work which I was not paid for. I called on today 's date at about XXXX because I was a little worried that I would not be unable to pay my next car payment on full and on time. When I called I was greeted by a XXXX who presented herself as a "" recovery manager ''. I explained my situation and my concern and the first question she could ask me was that if I could maybe manage to "" play '' around with my other bills, ask for extensions. I was shocked. She then explained to me that my loan was not a conventional loan, my loan had no such things as a grace period or deferment options. After expressing my shock not only of the inconsideration on their behalf even with the natural disaster but also with her tone of ridicule she stated that maybe I need to refinance with another company. She even stated I maybe needed to apply for XXXX assistance and unemployment to help pay my car note. I was already flabbergasted enough let alone not ready for the next thing to come out of her mouth which was "" you see a regular loan has better customer service ''. I am appalled and disgusted with this company and the cold halfheartedness of their employees. This company preys on individuals who have low credit scores and their practices should be monitored and controlled. Their employees require much better training and coaching. I called back the company to get the "" managers '' name I spoke with earlier all she can tell me was XXXX and stated "" Report me i do n't care, the answer remains the same you need to make your payment. ''",,"Amerifinance, Inc.",FL,33015,,Consent provided,Web,2017-09-24,Closed with explanation,Yes,,2682850
2017-09-08,"Credit reporting, credit repair services, or other personal consumer reports",Credit reporting,Problem with a credit reporting company's investigation into an existing problem,Their investigation did not fix an error on your report,I contacted the credit bureau and XXXX XXXX XXXX regarding an error or my credit report. I received a notice from the credit union. The entry on my account reports as a charge off. This is incorrect and there was no balance. I request this entry is deleted entirely from my credit report.,Company has responded to the consumer and the CFPB and chooses not to provide a public response,Experian Information Solutions Inc.,CA,XXXXX,,Consent provided,Web,2017-09-08,Closed with explanation,Yes,,2665549
2017-09-29,Student loan,Federal student loan servicing,Struggling to repay your loan,Problem lowering your monthly payments,,,"Navient Solutions, LLC.",AL,35023,,Consent not provided,Web,2017-09-29,Closed with explanation,Yes,,2688012
2017-04-29,Credit card or prepaid card,General-purpose credit card or charge card,Problem when making payments,Problem during payment process,,,DISCOVER BANK,KS,67410,Servicemember,Consent not provided,Web,2017-04-29,Closed with non-monetary relief,Yes,,2470800
2017-10-16,"Credit reporting, credit repair services, or other personal consumer reports",Credit reporting,Incorrect information on your report,Information belongs to someone else,,Company has responded to the consumer and the CFPB and chooses not to provide a public response,"TRANSUNION INTERMEDIATE HOLDINGS, INC.",MD,21215,Servicemember,,Phone,2017-10-16,Closed with non-monetary relief,Yes,,2702695
2017-02-07,Student loan,Non-federal student loan,Dealing with my lender or servicer,Trouble with how payments are handled,,,"Navient Solutions, LLC.",WA,98032,,,Referral,2017-02-09,Closed with explanation,Yes,No,2331272
2017-09-08,"Credit reporting, credit repair services, or other personal consumer reports",Credit reporting,Improper use of your report,Reporting company used your report improperly,Equifax was hacked and exposed my personal information to the world. XXXX.,,"EQUIFAX, INC.",CA,90291,,Consent provided,Web,2017-09-11,Closed with explanation,Yes,,2663996
2017-07-19,"Credit reporting, credit repair services, or other personal consumer reports",Credit reporting,Incorrect information on your report,Account status incorrect,"Westlake - Wilshire has my account showing closed by grantor and paid charge off. This is untrue! I paid it in full through a refinance of my home back on  XXXX - XXXX -14. I even have a letter from them showing this, yet Wilshire-Westlake reports differently. I 've tried to resolve this many times with them, but they do NOT correct the credit bureaus. please help me to have this corrected. it is lowering my credit score, as well as I keep having a hard time getting credit and refinancing my home.",,"Westlake Services, LLC",CA,95758,Servicemember,Consent provided,Web,2017-07-19,Closed with explanation,Yes,,2578816
2017-09-05,"Credit reporting, credit repair services, or other personal consumer reports",Credit reporting,Incorrect information on your report,Account status incorrect,,Company has responded to the consumer and the CFPB and chooses not to provide a public response,Experian Information Solutions Inc.,FL,34685,,,Postal mail,2017-09-05,Closed with non-monetary relief,Yes,,2658794
2017-04-05,Student loan,Federal student loan servicing,Dealing with my lender or servicer,Trouble with how payments are handled,"Good morning my name is XXXX ( XXXX ) about XXXX I attended XXXX and took out loans to pay for my school. Fast forward to now I am currently being garnish by XXXX ( XXXX ) for the past 3years to pay my school loan. XXXXACS ( XXXX ) just sent a judgment to garnish my wages as well US department of Education is off-setting my taxes and they as well as these collection agency XXXX, XXXX, XXXX, U S DEPT OF ED/GSL/ATL, ACS/XXXX are on my credit report with XXXX All are claiming ownership of my loan with XXXX for close to {$13000.00}. How can XXXX collection agency collect on the same loan triple dipping ...?",,ACS Education Services,AZ,85033,,Consent provided,Web,2017-04-09,Closed with explanation,Yes,No,2422161
2017-03-06,Credit card,,Billing disputes,,On XX/XX/2016 Costco changed from XXXX to Costco Anywhere Citi Visa. On XX/XX/2016 I paid {$5900.00} to XXXX. On the first statement from Citi Visa I received a bill for {$5900.00} the amount that I had paid XXXX ; Citi informed me that I had not paid XXXX and therefore ; I needed to pay them. I informed them that I had payed XXXX and sent them a copy of my bank statement that showed the {$5900.00} being deducted and payed to XXXX. Citi Visa refuses to correct their mistake and issue credit to me for {$5900.00}. Because Citi Visa has not corrected their mistake my credit score has been down graded and when I tryed to refinance my Mortgage I was told that I was going to pay {$250.00} more because Citi Visa had reported that I was late with payments. Customer Service at Citi Visa has told me on different occasions that they had found the payment only to receive letters later informing me that I still owe the {$5900.00} because they had not found the payment after all. I have been trying to get this issue resolved for over 9 months.,Company has responded to the consumer and the CFPB and chooses not to provide a public response,"CITIBANK, N.A.",CA,95822,Servicemember,Consent provided,Web,2017-03-06,Closed with explanation,Yes,No,2372244
2017-09-06,Debt collection,Other debt,False statements or representation,Attempted to collect wrong amount,,Company believes it acted appropriately as authorized by contract or law,"Quality Recovery Services, Inc.",GA,30016,,Consent not provided,Web,2017-09-06,Closed with explanation,Yes,,2659334
2017-08-17,"Credit reporting, credit repair services, or other personal consumer reports",Credit reporting,Unable to get your credit report or credit score,Other problem getting your report or credit score,,Company has responded to the consumer and the CFPB and chooses not to provide a public response,Experian Information Solutions Inc.,IL,62995,,,Postal mail,2017-08-17,Closed with explanation,Yes,,2645848
2017-06-14,Debt collection,Other debt,Took or threatened to take negative or legal action,Threatened or suggested your credit would be damaged,"A collection notice was received fr om Monterey Collections,  dated  XXXX  for the amount of {$500.00}. Notice indicated payment was to be received by  XXXX , the day the notice was received in the mail.   Called spoke to a lady named  XXXX   I tri ed to explain that I had never made that purchase. She indicated she hears this thousands of times and that because it was my name and address it was my debt. That she had proof in front of her that indicated it was my debt. ( invoice ) Once again I tried to explain and  XXXX  did not accept any explanations. Instead she threaten to report me to a legal institution and that my credit will be affected/ ruined for 10 years so that when I go ask for credit I will be denied.   I understand that the same excuses are heard everyday but I do believe each individual deserves to be treated individually. At least listen.",Company believes it acted appropriately as authorized by contract or law,Monterey Financial Services LLC,CA,91605,,Consent provided,Web,2017-06-15,Closed with explanation,Yes,,2550123
2017-01-13,Debt collection,Federal student loan,Disclosure verification of debt,Not given enough info to verify debt,,Company believes it acted appropriately as authorized by contract or law,Equitable Acceptance Corp,TX,75237,,,Phone,2017-01-17,Closed with explanation,Yes,No,2289336
2017-12-16,"Payday loan, title loan, or personal loan",Personal line of credit,Getting a line of credit,,Told me it will fix my credit but denied me still and waisted my time I need to be having my credit fixed with real reasons of why I should have stuff in my credit,,DISCOVER BANK,CA,92260,,Consent provided,Web,2017-12-16,Closed with explanation,Yes,,2756968
2017-06-15,"Credit reporting, credit repair services, or other personal consumer reports",Credit reporting,Incorrect information on your report,Account information incorrect,,Company has responded to the consumer and the CFPB and chooses not to provide a public response,Experian Information Solutions Inc.,GA,30106,,Consent not provided,Web,2017-06-15,Closed with explanation,Yes,,2545338
2017-09-12,"Credit reporting, credit repair services, or other personal consumer reports",Credit reporting,Incorrect information on your report,Personal information incorrect,,,"EQUIFAX, INC.",CA,94403,,Consent not provided,Web,2017-09-12,Closed with non-monetary relief,Yes,,2670274
2017-11-02,Student loan,Federal student loan servicing,Dealing with your lender or servicer,Received bad information about your loan,"I logged in today XXXX XXXX/XXXX/XXXX XXXX to make sure I was current and to schedule my next payment. It states my amount due is {$34.00} and not due until XXXX/XXXX/XXXX. I have two student loans : one due for $ and one for XXXX that totals {$34.00}. I called to ask Navient 's customer service why my payment was n't due until XXXX and I was told that I had over paid so I am not due until XXXX. But this {$34.00} is late fees. If I overpaid, why was n't it applied to late fees if i have them? If I am paying in advance how do I have late fees? And if those are my late fees what is actually due and when?",,"Navient Solutions, LLC.",OH,442XX,,Consent provided,Web,2017-11-02,Closed with explanation,Yes,,2718549
2017-12-30,Debt collection,I do not know,Communication tactics,Called before 8am or after 9pm,This company is calling every morning between XXXX and XXXX from different numbers. I live in Utah. When I try to call i am sent to a voicemail that never allows me to leave a message or I call one of 10 different numbers they call from are then placed on hold and the. After 3-4 minutes disconnects me. Everytime.,,"National Credit Adjusters, LLC",UT,84103,,Consent provided,Web,2017-12-30,Closed with explanation,Yes,,2768019
2017-03-22,Debt collection,Medical,Communication tactics,Frequent or repeated calls,,,"Charlottesville Bureau of Credits, Inc",WV,25443,,,Phone,2017-03-27,Closed with explanation,Yes,No,2399345
2017-01-13,Credit reporting,,Unable to get credit report/credit score,Problem getting report or credit score,Equifax has a security freeze on my credit file that i did not authorize. I was trying to apply for a automobile financing and it says that equifax has a security freeze on my file and creditors are unable to pull my file I DID NOT AUTHORIZE OR REQUEST THIS,,"EQUIFAX, INC.",PA,191XX,,Consent provided,Web,2017-01-13,Closed with explanation,Yes,Yes,2289332
